{"cameraMode":{"drawMode":0,"name":"Shaded","section":"Shading Mode"},"sceneLighting":true,"audioPlay":false,"sceneViewState":{"showFog":true,"showMaterialUpdate":false,"showSkybox":true,"showFlares":true,"showImageEffects":true,"showParticleSystems":true},"in2DMode":false,"pivot":{"x":56.77745819091797,"y":-1.6930294036865235,"z":-1.765716552734375},"rotation":{"x":0.18780449032783509,"y":0.697805643081665,"z":-0.19787195324897767,"w":0.6623016595840454},"size":40.010372161865237,"orthographic":false}