{"cameraMode":{"drawMode":0,"name":"Shaded","section":"Shading Mode"},"sceneLighting":true,"audioPlay":false,"sceneViewState":{"showFog":true,"showMaterialUpdate":false,"showSkybox":true,"showFlares":true,"showImageEffects":true,"showParticleSystems":true},"in2DMode":false,"pivot":{"x":-19.049118041992189,"y":1.200361728668213,"z":7.361844539642334},"rotation":{"x":0.2210189551115036,"y":0.540802001953125,"z":-0.14985162019729615,"w":0.7976392507553101},"size":4.125868797302246,"orthographic":false}